Done,Alpha,0,0
fmem,0.6,0.7,0.7999999999999999
fmem,0.45000000000000007,0.55,0.65
fmem,0,0,0.1
fmem,0.858,0.958,1
fmem,0,0,0.1
fmem,0.8,0.9,1
Done,Extend,0,0
fmem,0.6,0.7,0.7999999999999999
fmem,0.45000000000000007,0.55,0.65
fmem,0,0,0.1
fmem,0.858,0.958,1
fmem,0,0,0.1
fmem,0.8,0.9,1
